,Precision,Recall
0,0.030476672860925192,1.0
1,0.4278066277637989,0.03449496453808864
2,1.0,0.0
